Loss,Accuracy
0.4638826251029968,0.8379999995231628
